INSERT INTO categories (name) VALUES
('Electrónica'), ('Ropa'), ('Hogar'), ('Libros'), ('Deportes'),
('Alimentos'), ('Juguetes'), ('Belleza'), ('Automotriz'), ('Oficina'),
('Jardinería'), ('Mascotas'), ('Salud'), ('Música'), ('Videojuegos'),
('Accesorios'), ('Tecnología'), ('Bebidas'), ('Panadería'), ('Lácteos'),
('Herramientas'), ('Iluminación'), ('Muebles'), ('Arte'), ('Fotografía'),
('Camping'), ('Viajes'), ('Relojes'), ('Calzado'), ('Infantil'),
('Cocina'), ('Fitness'), ('Smart Home'), ('Computación'), ('Tablets'),
('Celulares'), ('Streaming'), ('Instrumentos'), ('Decoración'), ('Papelería');

INSERT INTO products (name, category_id, price, stock, active) VALUES
('Laptop HP i7',1,18500,15,true),
('Mouse Gamer RGB',1,450,60,true),
('Teclado Mecánico',1,1200,40,true),
('Smartphone Samsung',36,9500,25,true),
('Tablet Lenovo',35,6500,20,true),
('Playera Básica',2,200,100,true),
('Jeans Slim Fit',2,650,80,true),
('Tenis Running',29,1200,50,true),
('Sofá 3 plazas',23,8500,10,true),
('Mesa de Centro',23,2500,15,true),
('Licuadora',31,1300,30,true),
('Sartén Premium',31,600,45,true),
('Libro SQL Avanzado',4,500,70,true),
('Libro React',4,550,60,true),
('Balón Basketball',5,400,40,true),
('Bicicleta Montaña',5,7500,12,true),
('Chocolate 200g',6,40,200,true),
('Café 1kg',18,220,150,true),
('Muñeca Infantil',7,350,90,true),
('Perfume Mujer',8,900,35,true),
('Aceite Motor',9,300,70,true),
('Cuaderno Profesional',40,80,300,true),
('Impresora HP',34,3200,20,true),
('Audífonos Sony',1,1500,30,true),
('Guitarra Acústica',38,2800,15,true),
('Reloj Digital',28,1100,25,true),
('Cámara Canon',25,12500,8,true),
('Tienda Camping',26,3200,10,true),
('Maleta Viaje',27,1800,20,true),
('Proteína Whey',32,950,60,true),
('Lámpara LED',22,300,100,true),
('Taladro Bosch',21,2200,18,true),
('Collar Perro',12,150,120,true),
('Vitaminas C',13,180,200,true),
('Control PS5',15,1800,22,true),
('Smartwatch',33,4200,18,true),
('Cerveza 6 pack',18,120,90,true),
('Pan Integral',19,45,150,true),
('Leche 1L',20,25,300,true),
('Mochila Escolar',30,600,55,true);

INSERT INTO customers (name, email) VALUES
('Cliente 1','cliente1@mail.com'),
('Cliente 2','cliente2@mail.com'),
('Cliente 3','cliente3@mail.com'),
('Cliente 4','cliente4@mail.com'),
('Cliente 5','cliente5@mail.com'),
('Cliente 6','cliente6@mail.com'),
('Cliente 7','cliente7@mail.com'),
('Cliente 8','cliente8@mail.com'),
('Cliente 9','cliente9@mail.com'),
('Cliente 10','cliente10@mail.com'),
('Cliente 11','cliente11@mail.com'),
('Cliente 12','cliente12@mail.com'),
('Cliente 13','cliente13@mail.com'),
('Cliente 14','cliente14@mail.com'),
('Cliente 15','cliente15@mail.com'),
('Cliente 16','cliente16@mail.com'),
('Cliente 17','cliente17@mail.com'),
('Cliente 18','cliente18@mail.com'),
('Cliente 19','cliente19@mail.com'),
('Cliente 20','cliente20@mail.com'),
('Cliente 21','cliente21@mail.com'),
('Cliente 22','cliente22@mail.com'),
('Cliente 23','cliente23@mail.com'),
('Cliente 24','cliente24@mail.com'),
('Cliente 25','cliente25@mail.com'),
('Cliente 26','cliente26@mail.com'),
('Cliente 27','cliente27@mail.com'),
('Cliente 28','cliente28@mail.com'),
('Cliente 29','cliente29@mail.com'),
('Cliente 30','cliente30@mail.com'),
('Cliente 31','cliente31@mail.com'),
('Cliente 32','cliente32@mail.com'),
('Cliente 33','cliente33@mail.com'),
('Cliente 34','cliente34@mail.com'),
('Cliente 35','cliente35@mail.com'),
('Cliente 36','cliente36@mail.com'),
('Cliente 37','cliente37@mail.com'),
('Cliente 38','cliente38@mail.com'),
('Cliente 39','cliente39@mail.com'),
('Cliente 40','cliente40@mail.com');

INSERT INTO orders (customer_id, created_at, status, channel) VALUES
(1,'2025-01-05 10:00:00','completed','presencial'),
(2,'2025-01-06 11:00:00','completed','online'),
(3,'2025-01-07 09:30:00','completed','presencial'),
(4,'2025-01-08 14:00:00','completed','online'),
(5,'2025-01-09 16:00:00','completed','presencial'),
(6,'2025-01-10 10:30:00','completed','online'),
(7,'2025-01-11 12:00:00','completed','presencial'),
(8,'2025-01-12 13:00:00','completed','online'),
(9,'2025-01-13 15:00:00','completed','presencial'),
(10,'2025-01-14 09:00:00','completed','online'),
(11,'2025-01-15 11:30:00','completed','presencial'),
(12,'2025-01-16 14:30:00','completed','online'),
(13,'2025-01-17 10:00:00','completed','presencial'),
(14,'2025-01-18 16:30:00','completed','online'),
(15,'2025-01-19 08:00:00','completed','presencial'),
(16,'2025-01-20 09:30:00','completed','online'),
(17,'2025-01-21 12:30:00','completed','presencial'),
(18,'2025-01-22 14:00:00','completed','online'),
(19,'2025-01-23 10:30:00','completed','presencial'),
(20,'2025-01-24 11:00:00','completed','online'),
(21,'2025-02-01 09:00:00','completed','presencial'),
(22,'2025-02-02 10:00:00','completed','online'),
(23,'2025-02-03 11:30:00','completed','presencial'),
(24,'2025-02-04 13:00:00','completed','online'),
(25,'2025-02-05 14:00:00','completed','presencial'),
(26,'2025-02-06 15:30:00','completed','online'),
(27,'2025-02-07 09:30:00','completed','presencial'),
(28,'2025-02-08 10:30:00','completed','online'),
(29,'2025-02-09 11:00:00','completed','presencial'),
(30,'2025-02-10 12:00:00','completed','online'),
(31,'2025-02-11 13:30:00','completed','presencial'),
(32,'2025-02-12 14:30:00','completed','online'),
(33,'2025-02-13 08:30:00','completed','presencial'),
(34,'2025-02-14 09:00:00','completed','online'),
(35,'2025-02-15 10:00:00','completed','presencial'),
(36,'2025-02-16 11:30:00','completed','online'),
(37,'2025-02-17 12:00:00','completed','presencial'),
(38,'2025-02-18 13:00:00','completed','online'),
(39,'2025-02-19 14:30:00','completed','presencial'),
(40,'2025-02-20 15:00:00','completed','online');

INSERT INTO order_items (order_id, product_id, qty, unit_price) VALUES
(1,1,1,18500),
(2,6,2,200),
(3,4,1,9500),
(4,8,1,1200),
(5,10,1,2500),
(6,11,1,1300),
(7,15,2,400),
(8,17,5,40),
(9,16,1,7500),
(10,24,1,1500),
(11,30,1,950),
(12,20,1,900),
(13,25,1,2800),
(14,27,1,12500),
(15,33,2,150),
(16,22,3,80),
(17,35,1,1800),
(18,37,2,120),
(19,38,3,45),
(20,39,4,25),
(21,2,1,450),
(22,3,1,1200),
(23,5,1,6500),
(24,7,2,650),
(25,9,1,8500),
(26,12,2,600),
(27,13,1,500),
(28,14,1,550),
(29,18,3,220),
(30,19,2,350),
(31,21,1,300),
(32,23,1,3200),
(33,26,1,1100),
(34,28,1,3200),
(35,29,1,1800),
(36,31,2,300),
(37,32,1,2200),
(38,34,3,180),
(39,36,1,4200),
(40,40,1,600);

INSERT INTO payments (order_id, method, paid_amount) VALUES
(1,'credit_card',18500),
(2,'cash',400),
(3,'debit_card',9500),
(4,'credit_card',1200),
(5,'cash',2500),
(6,'credit_card',1300),
(7,'debit_card',800),
(8,'cash',200),
(9,'credit_card',7500),
(10,'credit_card',1500),
(11,'debit_card',950),
(12,'cash',900),
(13,'credit_card',2800),
(14,'credit_card',12500),
(15,'cash',300),
(16,'debit_card',240),
(17,'credit_card',1800),
(18,'cash',240),
(19,'debit_card',135),
(20,'credit_card',100),
(21,'cash',450),
(22,'credit_card',1200),
(23,'debit_card',6500),
(24,'cash',1300),
(25,'credit_card',8500),
(26,'debit_card',1200),
(27,'cash',500),
(28,'credit_card',550),
(29,'debit_card',660),
(30,'cash',700),
(31,'credit_card',300),
(32,'debit_card',3200),
(33,'cash',1100),
(34,'credit_card',3200),
(35,'debit_card',1800),
(36,'cash',600),
(37,'credit_card',2200),
(38,'debit_card',540),
(39,'credit_card',4200),
(40,'cash',600);


