INSERT INTO categories (name) VALUES
('Bebidas'), ('Postres'), ('Alimentos'), ('Snacks');

INSERT INTO products (name, category_id, price, stock, active) VALUES
('Espresso Doble', 1, 48.00, 100, true),
('Cheesecake de Fresa', 2, 85.00, 0, true),
('Bolsa de Papas Artesanales', 4, 45.00, 50, true),
('Sandwich Pavo y Queso', 3, 115.00, 3, true),
('Americano 12oz', 1, 42.00, 150, true),
('Brownie con Nuez', 2, 52.00, 25, true),
('Mezcla de Frutos Secos', 4, 55.00, 2, true),
('Panini Tres Quesos', 3, 135.00, 15, true),
('Capuchino Clásico', 1, 58.00, 0, true),
('Galleta de Chispas', 2, 28.00, 60, true),
('Barra de Granola', 4, 35.00, 100, true),
('Bagel con Cream Cheese', 3, 85.00, 5, true),
('Latte Vainilla', 1, 68.00, 100, true),
('Panqué de Limón', 2, 42.00, 20, true),
('Galletas de Avena', 4, 30.00, 80, true),
('Ensalada César', 3, 145.00, 1, true),
('Flat White', 1, 65.00, 80, true),
('Affogato Vainilla', 2, 85.00, 30, true),
('Pretzels Salados', 4, 40.00, 60, true),
('Yogurt Bowl con Granola', 3, 98.00, 15, true),
('Caramel Macchiato', 1, 78.00, 90, true),
('Pastel de Chocolate', 2, 95.00, 0, true),
('Palanqueta de Cacahuate', 4, 25.00, 100, true),
('Avocado Toast', 3, 165.00, 4, true),
('Mocaccino Dark', 1, 75.00, 85, true),
('Tiramisú', 2, 110.00, 10, true),
('Frappé de Oreo', 1, 88.00, 60, true),
('Muffin de Arándanos', 2, 48.00, 35, true),
('Molletes Sencillos', 3, 85.00, 20, true),
('Frappé Matcha', 1, 95.00, 50, true),
('Dona Glaseada', 2, 32.00, 40, true),
('Quiche de Espinacas', 3, 110.00, 12, true),
('Cold Brew Nitro', 1, 82.00, 40, true),
('Croissant Dulce', 2, 45.00, 30, true),
('Té Chai Latte', 1, 68.00, 100, true),
('Té Verde Orgánico', 1, 52.00, 120, true),
('Tisana Frutos Rojos', 1, 55.00, 110, true),
('Smoothie de Mango', 1, 78.00, 45, true),
('Jugo Naranja Natural', 1, 48.00, 60, true),
('Chocolate Caliente', 1, 58.00, 90, true);

INSERT INTO customers (name, email) VALUES
('Cliente 1','cliente1@mail.com'), ('Cliente 2','cliente2@mail.com'), ('Cliente 3','cliente3@mail.com'), ('Cliente 4','cliente4@mail.com'),
('Cliente 5','cliente5@mail.com'), ('Cliente 6','cliente6@mail.com'), ('Cliente 7','cliente7@mail.com'), ('Cliente 8','cliente8@mail.com'),
('Cliente 9','cliente9@mail.com'), ('Cliente 10','cliente10@mail.com'), ('Cliente 11','cliente11@mail.com'), ('Cliente 12','cliente12@mail.com'),
('Cliente 13','cliente13@mail.com'), ('Cliente 14','cliente14@mail.com'), ('Cliente 15','cliente15@mail.com'), ('Cliente 16','cliente16@mail.com'),
('Cliente 17','cliente17@mail.com'), ('Cliente 18','cliente18@mail.com'), ('Cliente 19','cliente19@mail.com'), ('Cliente 20','cliente20@mail.com'),
('Cliente 21','cliente21@mail.com'), ('Cliente 22','cliente22@mail.com'), ('Cliente 23','cliente23@mail.com'), ('Cliente 24','cliente24@mail.com'),
('Cliente 25','cliente25@mail.com'), ('Cliente 26','cliente26@mail.com'), ('Cliente 27','cliente27@mail.com'), ('Cliente 28','cliente28@mail.com'),
('Cliente 29','cliente29@mail.com'), ('Cliente 30','cliente30@mail.com'), ('Cliente 31','cliente31@mail.com'), ('Cliente 32','cliente32@mail.com'),
('Cliente 33','cliente33@mail.com'), ('Cliente 34','cliente34@mail.com'), ('Cliente 35','cliente35@mail.com'), ('Cliente 36','cliente36@mail.com'),
('Cliente 37','cliente37@mail.com'), ('Cliente 38','cliente38@mail.com'), ('Cliente 39','cliente39@mail.com'), ('Cliente 40','cliente40@mail.com');

INSERT INTO orders (customer_id, created_at, status, channel) VALUES
(1,'2025-01-05 10:00:00','completed','presencial'), (2,'2025-01-06 11:00:00','completed','online'),
(3,'2026-01-07 09:30:00','completed','presencial'), (4,'2025-01-08 14:00:00','completed','online'),
(5,'2025-02-09 16:00:00','completed','presencial'), (6,'2025-01-10 10:30:00','completed','online'),
(7,'2026-02-11 12:00:00','completed','presencial'), (8,'2025-01-12 13:00:00','completed','online'),
(9,'2025-03-13 15:00:00','completed','presencial'), (10,'2025-01-14 09:00:00','completed','online'),
(11,'2026-03-15 11:30:00','completed','presencial'), (12,'2025-01-16 14:30:00','completed','online'),
(13,'2025-04-17 10:00:00','completed','presencial'), (14,'2025-01-18 16:30:00','completed','online'),
(15,'2026-04-19 08:00:00','completed','presencial'), (16,'2025-01-20 09:30:00','completed','online'),
(17,'2025-05-21 12:30:00','completed','presencial'), (18,'2025-01-22 14:00:00','completed','online'),
(19,'2026-05-23 10:30:00','completed','presencial'), (20,'2025-01-24 11:00:00','completed','online'),
(21,'2025-06-01 09:00:00','completed','presencial'), (22,'2025-02-02 10:00:00','completed','online'),
(23,'2026-06-03 11:30:00','completed','presencial'), (24,'2025-02-04 13:00:00','completed','online'),
(25,'2025-07-05 14:00:00','completed','presencial'), (26,'2025-02-06 15:30:00','completed','online'),
(27,'2026-07-07 09:30:00','completed','presencial'), (28,'2025-02-08 10:30:00','completed','online'),
(29,'2025-08-09 11:00:00','completed','presencial'), (30,'2025-02-10 12:00:00','completed','online'),
(31,'2026-08-11 13:30:00','completed','presencial'), (32,'2025-02-12 14:30:00','completed','online'),
(33,'2025-09-13 08:30:00','completed','presencial'), (34,'2025-02-14 09:00:00','completed','online'),
(35,'2026-09-15 10:00:00','completed','presencial'), (36,'2025-02-16 11:30:00','completed','online'),
(37,'2025-10-17 12:00:00','completed','presencial'), (38,'2025-02-18 13:00:00','completed','online'),
(39,'2026-10-19 14:30:00','completed','presencial'), (40,'2025-02-20 15:00:00','completed','online');

INSERT INTO order_items (order_id, product_id, qty, unit_price) VALUES
(1,1,1,48.00), (2,6,2,52.00), (3,4,1,115.00), (4,8,1,135.00),
(5,10,1,28.00), (6,11,1,35.00), (7,15,2,30.00), (8,17,5,65.00),
(9,16,1,145.00), (10,24,1,165.00), (11,30,1,95.00), (12,20,1,98.00),
(13,25,1,75.00), (14,27,1,88.00), (15,33,2,82.00), (16,22,3,95.00),
(17,35,1,68.00), (18,37,2,55.00), (19,38,3,78.00), (20,39,4,48.00),
(21,2,1,85.00), (22,3,1,45.00), (23,5,1,42.00), (24,7,2,55.00),
(25,9,1,58.00), (26,12,2,85.00), (27,13,1,68.00), (28,14,1,42.00),
(29,18,3,85.00), (30,19,2,40.00), (31,21,1,78.00), (32,23,1,25.00),
(33,26,1,110.00), (34,28,1,48.00), (35,29,1,85.00), (36,31,2,32.00),
(37,32,1,110.00), (38,34,3,45.00), (39,36,1,52.00), (40,40,1,58.00);


INSERT INTO payments (order_id, method, paid_amount) VALUES
(1,'credit_card',48.00), (2,'cash',104.00), (3,'debit_card',115.00), (4,'credit_card',135.00),
(5,'cash',28.00), (6,'credit_card',35.00), (7,'debit_card',60.00), (8,'cash',325.00),
(9,'credit_card',145.00), (10,'credit_card',165.00), (11,'debit_card',95.00), (12,'cash',98.00),
(13,'credit_card',75.00), (14,'credit_card',88.00), (15,'cash',164.00), (16,'debit_card',285.00),
(17,'credit_card',68.00), (18,'cash',110.00), (19,'debit_card',234.00), (20,'credit_card',192.00),
(21,'cash',85.00), (22,'credit_card',45.00), (23,'debit_card',42.00), (24,'cash',110.00),
(25,'credit_card',58.00), (26,'debit_card',170.00), (27,'cash',68.00), (28,'credit_card',42.00),
(29,'debit_card',255.00), (30,'cash',80.00), (31,'credit_card',78.00), (32,'debit_card',25.00),
(33,'cash',110.00), (34,'credit_card',48.00), (35,'debit_card',85.00), (36,'cash',64.00),
(37,'credit_card',110.00), (38,'debit_card',135.00), (39,'credit_card',52.00), (40,'cash',58.00);